{"cameraMode":{"drawMode":0,"name":"Shaded","section":"Shading Mode"},"sceneLighting":true,"audioPlay":false,"sceneViewState":{"showFog":true,"showMaterialUpdate":false,"showSkybox":true,"showFlares":true,"showImageEffects":true,"showParticleSystems":true},"in2DMode":false,"pivot":{"x":185.54547119140626,"y":-7.656713485717773,"z":197.47756958007813},"rotation":{"x":-0.09168127924203873,"y":-0.2898791432380676,"z":0.027970289811491967,"w":-0.9522512555122376},"size":201.25563049316407,"orthographic":false}